{
  "priority": {
    "text": 0, 
    "image": 0, 
    "video": 0, 
    "model": 1, 
    "audio": 0, 
    "button": 0
  }, 
  "videos": [], 
  "lights": [
    {
      "scale": {
        "y": 1, 
        "x": 1, 
        "z": 1
      }, 
      "name": "Directional", 
      "color": "#ffffff", 
      "range": 0, 
      "intensity": 0.7, 
      "shadow_strength": 0.5, 
      "position": {
        "y": 1.5, 
        "x": 0, 
        "z": -1
      }, 
      "rotation": {
        "y": -30, 
        "x": 50, 
        "z": 0
      }, 
      "shadow": 1
    }, 
    {
      "scale": {
        "y": 1, 
        "x": 1, 
        "z": 1
      }, 
      "name": "Ambient", 
      "color": "#616D84", 
      "range": 0, 
      "intensity": 1.3, 
      "shadow_strength": 0.5, 
      "position": {
        "y": 0, 
        "x": 0, 
        "z": 0
      }, 
      "rotation": {
        "y": 0, 
        "x": 0, 
        "z": 0
      }, 
      "shadow": 0
    }, 
    {
      "scale": {
        "y": 1, 
        "x": 1, 
        "z": 1
      }, 
      "name": "Directional", 
      "color": "#ffffff", 
      "range": 0, 
      "intensity": 1, 
      "shadow_strength": 0.5, 
      "position": {
        "y": 1.5, 
        "x": 0, 
        "z": -1
      }, 
      "rotation": {
        "y": -30, 
        "x": 50, 
        "z": 0
      }, 
      "shadow": 1
    }, 
    {
      "scale": {
        "y": 1, 
        "x": 1, 
        "z": 1
      }, 
      "name": "Point", 
      "color": "#eb1b1b", 
      "range": 1, 
      "intensity": 2.5, 
      "shadow_strength": 0.5, 
      "position": {
        "y": 0.4582, 
        "x": 0, 
        "z": 0
      }, 
      "rotation": {
        "y": 0, 
        "x": 0, 
        "z": 0
      }, 
      "shadow": 1
    }
  ], 
  "models": [
    {
      "opacity": 255, 
      "modefied_date": "2020-03-21 11:18:53", 
      "events": {
        "parent": [], 
        "child": []
      }, 
      "scaling": {
        "y": 0.2258, 
        "x": 0.2258, 
        "z": 0.2258
      }, 
      "animation": {
        "parent": [], 
        "child": []
      }, 
      "shader_type": "standard_model", 
      "model_zip_path": "https://assets.plugxr.com/uploads/models/project_3911/1584788837.glb", 
      "position": {
        "y": 0, 
        "x": 0, 
        "z": 0
      }, 
      "rotation": {
        "y": 0, 
        "x": 90, 
        "z": 0
      }, 
      "model_name": "LtQTk", 
      "on_tracking": 1, 
      "shaders": {
        "metallic_value": 0, 
        "smooth_value": 0, 
        "emission_color": "#ffffff", 
        "high_map_range": 0.005, 
        "occlusion_range": 0, 
        "emission_enable": 0
      }
    }, 
    {
      "opacity": 255, 
      "modefied_date": "2020-03-21 11:18:57", 
      "events": {
        "parent": [], 
        "child": []
      }, 
      "scaling": {
        "y": 1, 
        "x": 1, 
        "z": 1
      }, 
      "animation": {
        "parent": [], 
        "child": []
      }, 
      "shader_type": "Standard", 
      "position": {
        "y": -0.3013, 
        "x": -0.3268, 
        "z": 0.0624
      }, 
      "model_zip_path": "https://assets.plugxr.com/uploads/texts/project_3911/XoFuB.glb", 
      "rotation": {
        "y": 0, 
        "x": 90, 
        "z": 0
      }, 
      "model_name": "XoFuB", 
      "on_tracking": 1, 
      "shaders": {
        "metallic_value": 0.5, 
        "smooth_value": 0.5, 
        "emission_color": "#ffffff", 
        "high_map_range": 0.005, 
        "occlusion_range": 0, 
        "emission_enable": 0
      }
    }
  ], 
  "sprite_images": [], 
  "2delements": {
    "languages": [
      {
        "name": "ODIA"
      }, 
      {
        "name": "HINDI"
      }, 
      {
        "name": "ENGLISH"
      }
    ], 
    "story": "ARnimals brings the adventurous zoo at your child's place with exciting AR experience of their sounds,stories,spellings and much more", 
    "spell": "Tiger"
  }, 
  "audios": [], 
  "buttons": [], 
  "texts": [], 
  "image_type": "landscape", 
  "images": [], 
  "widgets": []
}